"participant_id","session_type","estimated_threshold","estimated_slope","mean_accuracy","mean_confidence","auroc","d","metad","mratio"
"SS9909","PRE",-41.1313575764749,22.1337813305331,0.475,64.975,0.552656104380242,-0.0619316234553173,-0.0582300985384358,0.940232070300045
"SS9909","POST",-24.3720289784148,15.6519614790519,0.4875,69.506329113924,0.489089184060721,0.642754952497923,0.182892710102267,0.284545003335246
